Workbook

Sheet Ventas
A1: LOS INTELECTUALES S.A.
A2: REPORTE DE VENTAS
A3: PRIMER TRIMESTRE 2026
A4: Tasa de IVA: | B4: 0.15
A5: Mes | B5: Producto | C5: Categoría | D5: Cantidad Vendida | E5: Precio Unitario | F5: Subtotal | G5: IVA | H5: Total Venta
A6: Enero | B6: Impresora | C6: Tecnología | D6: 10 | E6: 75 | F6: =D6*E6 | G6: =F6*$B$4 | H6: =F6+G6
A7: Enero | B7: Toner | C7: Tecnología | D7: 11 | E7: 15 | F7: =D7*E7 | G7: =F7*$B$4 | H7: =F7+G7
A8: Enero | B8: Router | C8: Tecnología | D8: 11 | E8: 15 | F8: =D8*E8 | G8: =F8*$B$4 | H8: =F8+G8
A9: Febrero | B9: Tinta | C9: Tecnología | D9: 15 | E9: 50 | F9: =D9*E9 | G9: =F9*$B$4 | H9: =F9+G9
A10: Marzo | B10: Tinta | C10: Tecnología | D10: 18 | E10: 50 | F10: =D10*E10 | G10: =F10*$B$4 | H10: =F10+G10
A11: Marzo | B11: Carpeta | C11: Papelería | D11: 19 | E11: 10 | F11: =D11*E11 | G11: =F11*$B$4 | H11: =F11+G11
A12: Febrero | B12: Lápiz | C12: Papelería | D12: 15 | E12: 5 | F12: =D12*E12 | G12: =F12*$B$4 | H12: =F12+G12
A13: Enero | B13: Router | C13: Tecnología | D13: 1 | E13: 100 | F13: =D13*E13 | G13: =F13*$B$4 | H13: =F13+G13
A14: Enero | B14: Tinta | C14: Tecnología | D14: 9 | E14: 100 | F14: =D14*E14 | G14: =F14*$B$4 | H14: =F14+G14
A15: Febrero | B15: Tinta | C15: Tecnología | D15: 8 | E15: 75 | F15: =D15*E15 | G15: =F15*$B$4 | H15: =F15+G15
A16: Febrero | B16: Toner | C16: Tecnología | D16: 5 | E16: 75 | F16: =D16*E16 | G16: =F16*$B$4 | H16: =F16+G16
A17: Marzo | B17: Escritorio | C17: Oficina | D17: 16 | E17: 75 | F17: =D17*E17 | G17: =F17*$B$4 | H17: =F17+G17
... A55: Enero | B55: Lápiz | C55: Papelería | D55: 2 | E55: 10 | F55: =D55*E55 | G55: =F55*$B$4 | H55: =F55+G55
A56: TOTALES | F56: =SUM(F6:F55) | G56: =SUM(G6:G55) | H56: =SUM(H6:H55)

Sheet Categorías
A1: Categorías
A2: Tecnología
A3: Papelería
A4: Oficina

Sheet Gráficos
A1: RESUMEN PARA GRÁFICOS
A3: Mes | B3: Total Ventas
A4: Enero | B4: =SUMIF(Ventas!$A$6:$A$55,A4,Ventas!$H$6:$H$55)
A5: Febrero | B5: =SUMIF(Ventas!$A$6:$A$55,A5,Ventas!$H$6:$H$55)
A6: Marzo | B6: =SUMIF(Ventas!$A$6:$A$55,A6,Ventas!$H$6:$H$55)
A9: Categoría | B9: Total Ventas
A10: Tecnología | B10: =SUMIF(Ventas!$C$6:$C$55,A10,Ventas!$H$6:$H$55)
A11: Papelería | B11: =SUMIF(Ventas!$C$6:$C$55,A11,Ventas!$H$6:$H$55)
A12: Oficina | B12: =SUMIF(Ventas!$C$6:$C$55,A12,Ventas!$H$6:$H$55)

Sheet Análisis
A1: ANÁLISIS DE VENTAS: Categoría x Mes
A2: (Total Venta agrupado por categoría y mes)
A4: Categoría / Mes | B4: Enero | C4: Febrero | D4: Marzo | E4: Total general
A5: Tecnología | B5: =SUMIFS(Ventas!$H$6:$H$55,Ventas!$C$6:$C$55,$A5,Ventas!$A$6:$A$55,B$4) | C5: =SUMIFS(Ventas!$H$6:$H$55,Ventas!$C$6:$C$55,$A5,Ventas!$A$6:$A$55,C$4) | D5: =SUMIFS(Ventas!$H$6:$H$55,Ventas!$C$6:$C$55,$A5,Ventas!$A$6:$A$55,D$4) | E5: =SUM(B5:D5)
A6: Papelería | B6: =SUMIFS(Ventas!$H$6:$H$55,Ventas!$C$6:$C$55,$A6,Ventas!$A$6:$A$55,B$4) | C6: =SUMIFS(Ventas!$H$6:$H$55,Ventas!$C$6:$C$55,$A6,Ventas!$A$6:$A$55,C$4) | D6: =SUMIFS(Ventas!$H$6:$H$55,Ventas!$C$6:$C$55,$A6,Ventas!$A$6:$A$55,D$4) | E6: =SUM(B6:D6)
A7: Oficina | B7: =SUMIFS(Ventas!$H$6:$H$55,Ventas!$C$6:$C$55,$A7,Ventas!$A$6:$A$55,B$4) | C7: =SUMIFS(Ventas!$H$6:$H$55,Ventas!$C$6:$C$55,$A7,Ventas!$A$6:$A$55,C$4) | D7: =SUMIFS(Ventas!$H$6:$H$55,Ventas!$C$6:$C$55,$A7,Ventas!$A$6:$A$55,D$4) | E7: =SUM(B7:D7)
A8: Total general | B8: =SUM(B5:B7) | C8: =SUM(C5:C7) | D8: =SUM(D5:D7) | E8: =SUM(E5:E7)
A11: NOTA: Para el paso 7 con una TABLA DINÁMICA real + SEGMENTADOR (slicer): en Excel selecciona la tabla de 'Ventas' (A5:H55) y usa Insertar > Tabla dinámica; arrastra Categoría a Filas, Mes a Columnas y Total Venta a Valores; luego Insertar > Segmentación de datos por 'Producto'. La tabla de arriba ya entrega ese mismo análisis calculado con SUMIFS.

Sheet TablaDinamica
A1: TABLA DINÁMICA – Ventas por Categoría y Mes
A2: Segmentador (slicer) por Producto a la derecha →
